<?xml version="1.0" encoding="ISO8859-1" ?>
  <Description>
    <InfFile>
      oem50.inf
    </InfFile>
    <Architecture>
      x86
    </Architecture>
    <DeviceDesc>
      <DDS_0>
        Bematech USB Printer
      </DDS_0>
    </DeviceDesc>
    <FriendlyName/>
    <ClassDev>
      USBIOControlledDevices
    </ClassDev>
    <ClassDesc>
      Bematech USBIO controlled devices
    </ClassDesc>
    <Mfg>
      Thesycon
    </Mfg>
    <Provider>
      Thesycon
    </Provider>
    <ClassGUID>
      {96E73B6E-7A5A-11D4-9F24-0080C82727F4}
    </ClassGUID>
    <WindowsVersion>
      5.1.2600
    </WindowsVersion>
    <HardwareID>
      <HID_0>
        USB\Vid_2843&amp;Pid_0000&amp;Rev_0001
      </HID_0>
      <HID_1>
        USB\Vid_2843&amp;Pid_0000
      </HID_1>
    </HardwareID>
    <HardwareCompatibleIDs>
      <CID_0>
        USB\Class_07&amp;SubClass_01&amp;Prot_02
      </CID_0>
      <CID_1>
        USB\Class_07&amp;SubClass_01
      </CID_1>
      <CID_2>
        USB\Class_07
      </CID_2>
    </HardwareCompatibleIDs>
    <DriverCompatibleIDs>
      <DID_0>
        USB\VID_2843&amp;PID_0000
      </DID_0>
      <DID_1>
        USB\VID_0B1B&amp;PID_0101
      </DID_1>
      <DID_2>
        USB\VID_0B1B&amp;PID_0102
      </DID_2>
    </DriverCompatibleIDs>
    <DriverCompatibleIDsNames>
      <DIM_0>
        Bematech USB Printer
      </DIM_0>
      <DIM_1>
        Bematech USB Printer
      </DIM_1>
      <DIM_2>
        Bematech USB Printer
      </DIM_2>
    </DriverCompatibleIDsNames>
    <DriverDate>
      12-12-2000
    </DriverDate>
    <DriverVersion>
      1.41.0.0
    </DriverVersion>
    <MatchingDeviceID>
      <MID_0>
        usb\vid_2843&amp;pid_0000
      </MID_0>
    </MatchingDeviceID>
    <DigitallySigned>
      0
    </DigitallySigned>
    <WindowsDefaultDriver>
      0
    </WindowsDefaultDriver>
  </Description>
