<?xml version="1.0" encoding="UTF-8"?><?xml-stylesheet type='text/xsl' href='_UpgradeReport_Files/UpgradeReport.xslt'?><UpgradeLog>
<Properties><Property Name="Solution" Value="RawPrinterHeper">
</Property><Property Name="Solution File" Value="C:\Desarrollo\ProyectosDotNet\RawPrinterHelper\RawPrinterHeper\RawPrinterHeper.sln">
</Property><Property Name="Date" Value="sábado, 20 de agosto de 2011">
</Property><Property Name="Time" Value="22:46">
</Property></Properties><Event ErrorLevel="0" Project="" Source="RawPrinterHeper.sln" Description="File successfully backed up as C:\Desarrollo\ProyectosDotNet\RawPrinterHelper\RawPrinterHeper\Backup\RawPrinterHeper.sln">
</Event><Event ErrorLevel="0" Project="RawPrinterHelper" Source="RawPrinterHeper\RawPrinterHelper.vbproj" Description="Project file successfully backed up as C:\Desarrollo\ProyectosDotNet\RawPrinterHelper\RawPrinterHeper\Backup\RawPrinterHeper\RawPrinterHelper.vbproj">
</Event><Event ErrorLevel="0" Project="RawPrinterHelper" Source="RawPrinterHeper\RawPrinterHelper.vbproj.user" Description="Project user file successfully backed up as C:\Desarrollo\ProyectosDotNet\RawPrinterHelper\RawPrinterHeper\Backup\RawPrinterHeper\RawPrinterHelper.vbproj.user">
</Event><Event ErrorLevel="0" Project="RawPrinterHelper" Source="RawPrinterHeper\RawPrinterHelper.vb" Description="File successfully backed up as C:\Desarrollo\ProyectosDotNet\RawPrinterHelper\RawPrinterHeper\Backup\RawPrinterHeper\RawPrinterHelper.vb">
</Event><Event ErrorLevel="0" Project="RawPrinterHelper" Source="RawPrinterHeper\My Project\AssemblyInfo.vb" Description="File successfully backed up as C:\Desarrollo\ProyectosDotNet\RawPrinterHelper\RawPrinterHeper\Backup\RawPrinterHeper\My Project\AssemblyInfo.vb">
</Event><Event ErrorLevel="0" Project="RawPrinterHelper" Source="RawPrinterHeper\My Project\Application.Designer.vb" Description="File successfully backed up as C:\Desarrollo\ProyectosDotNet\RawPrinterHelper\RawPrinterHeper\Backup\RawPrinterHeper\My Project\Application.Designer.vb">
</Event><Event ErrorLevel="0" Project="RawPrinterHelper" Source="RawPrinterHeper\My Project\Resources.Designer.vb" Description="File successfully backed up as C:\Desarrollo\ProyectosDotNet\RawPrinterHelper\RawPrinterHeper\Backup\RawPrinterHeper\My Project\Resources.Designer.vb">
</Event><Event ErrorLevel="0" Project="RawPrinterHelper" Source="RawPrinterHeper\My Project\Settings.Designer.vb" Description="File successfully backed up as C:\Desarrollo\ProyectosDotNet\RawPrinterHelper\RawPrinterHeper\Backup\RawPrinterHeper\My Project\Settings.Designer.vb">
</Event><Event ErrorLevel="0" Project="RawPrinterHelper" Source="RawPrinterHeper\My Project\Application.myapp" Description="File successfully backed up as C:\Desarrollo\ProyectosDotNet\RawPrinterHelper\RawPrinterHeper\Backup\RawPrinterHeper\My Project\Application.myapp">
</Event><Event ErrorLevel="0" Project="RawPrinterHelper" Source="RawPrinterHeper\My Project\Settings.settings" Description="File successfully backed up as C:\Desarrollo\ProyectosDotNet\RawPrinterHelper\RawPrinterHeper\Backup\RawPrinterHeper\My Project\Settings.settings">
</Event><Event ErrorLevel="0" Project="RawPrinterHelper" Source="RawPrinterHeper\My Project\Resources.resx" Description="File successfully backed up as C:\Desarrollo\ProyectosDotNet\RawPrinterHelper\RawPrinterHeper\Backup\RawPrinterHeper\My Project\Resources.resx">
</Event><Event ErrorLevel="0" Project="RawPrinterHelper" Source="RawPrinterHeper\RawPrinterHelper.vbproj" Description="Project converted successfully">
</Event><Event ErrorLevel="3" Project="RawPrinterHelper" Source="RawPrinterHeper\RawPrinterHelper.vbproj" Description="Converted">
</Event><Event ErrorLevel="0" Project="" Source="RawPrinterHeper.sln" Description="Solution converted successfully">
</Event><Event ErrorLevel="3" Project="" Source="RawPrinterHeper.sln" Description="Converted">
</Event><Event ErrorLevel="0" Project="RawPrinterHelper" Source="RawPrinterHeper\RawPrinterHelper.vbproj" Description="Scan complete: Upgrade not required for project files.">
</Event></UpgradeLog>